map_id,jurisdiction_cvap_total_count,LD_cvap_total_count,SD_cvap_total_count,LD_cvap_total_perc,SD_cvap_total_perc,LD_cvap_White_Alone_perc,LD_cvap_Black_or_African_American_Alone_perc,LD_cvap_Asian_Alone_perc,LD_cvap_Hispanic_or_Latino_Alone_perc,LD_cvap_American_Indian_or_Alaska_Native_Alone_perc,LD_cvap_Native_Hawaiian_or_Other_Pacific_Islander_Alone_perc,LD_cvap_Alone_Remaining_perc,SD_cvap_White_Alone_perc,SD_cvap_Black_or_African_American_Alone_perc,SD_cvap_Asian_Alone_perc,SD_cvap_Hispanic_or_Latino_Alone_perc,SD_cvap_American_Indian_or_Alaska_Native_Alone_perc,SD_cvap_Native_Hawaiian_or_Other_Pacific_Islander_Alone_perc,SD_cvap_Alone_Remaining_perc,LD_cvap_White_Combined_perc,LD_cvap_Black_or_African_American_Combined_perc,LD_cvap_Asian_Combined_perc,LD_cvap_Hispanic_or_Latino_Combined_perc,LD_cvap_American_Indian_or_Alaska_Native_Combined_perc,LD_cvap_Native_Hawaiian_or_Other_Pacific_Islander_Combined_perc,LD_cvap_Combined_Remaining_perc,SD_cvap_White_Combined_perc,SD_cvap_Black_or_African_American_Combined_perc,SD_cvap_Asian_Combined_perc,SD_cvap_Hispanic_or_Latino_Combined_perc,SD_cvap_American_Indian_or_Alaska_Native_Combined_perc,SD_cvap_Native_Hawaiian_or_Other_Pacific_Islander_Combined_perc,SD_cvap_Combined_Remaining_perc,LD_housing_own_perc,LD_housing_rent_perc,SD_housing_own_perc,SD_housing_rent_perc,LD_income_range_at_quota,SD_income_range_at_quota,SD_quadrant,LD_geoids,SD_geoids
0.0,11600.0,9376.0,2224.0,80.82758620689656,19.17241379310345,55.35409556313993,3.242320819112628,24.850682593856654,11.03882252559727,0.7145904436860068,0.7359215017064846,4.063566552901024,52.60791366906475,5.39568345323741,16.18705035971223,17.086330935251798,1.5737410071942446,0.6744604316546763,6.474820143884892,55.35409556313993,4.575511945392491,27.015784982935152,11.03882252559727,0.8639078498293515,0.7359215017064846,0.4159556313993174,52.60791366906475,6.6996402877697845,18.66007194244604,17.086330935251798,1.5737410071942446,0.6744604316546763,2.697841726618705,55.80988991787524,44.19011008212476,17.547937245787335,82.45206275421266,"$45,000 to $49,999","$50,000 to $59,999",SW,060014201001;060014201002;060014201003;060014202001;060014202002;060014202003;060014203001;060014203002;060014203003;060014205001;060014206001;060014206002;060014206003,060014204001;060014205002
1.0,11600.0,9695.0,1905.0,83.57758620689656,16.42241379310345,57.60701392470346,3.445074780814853,21.660649819494584,11.603919546157814,0.4847859721505931,0.2991232594120681,4.899432697266632,40.68241469816273,4.724409448818897,30.971128608923884,15.223097112860893,2.8871391076115485,2.8871391076115485,2.6246719160104988,57.60701392470346,5.033522434244456,23.806085611139764,11.603919546157814,0.629190304280557,0.2991232594120681,1.0211449200618876,40.68241469816273,4.724409448818897,33.59580052493438,15.223097112860893,2.8871391076115485,2.8871391076115485,0.0,45.21976259223612,54.78023740776388,55.950413223140494,44.049586776859506,"$35,000 to $39,999","$100,000 to $124,999",NW,060014201001;060014201002;060014201003;060014202001;060014202002;060014202003;060014203001;060014204001;060014205001;060014205002;060014206001;060014206002;060014206003,060014203002;060014203003
2.0,11600.0,9783.0,1817.0,84.33620689655173,15.663793103448276,54.63559235408361,3.976285393028723,22.028007768578146,13.186139221097823,0.9608504548706941,0.8586323213738117,4.354492486967188,55.86130985140341,1.926252063841497,29.444138690148595,6.879471656576775,0.4402861860209136,0.0,5.448541552008805,54.63559235408361,5.397117448635388,23.949708678319535,13.186139221097823,1.1039558417663293,0.8586323213738117,0.8688541347234999,55.86130985140341,2.7517886626307098,33.29664281783159,6.879471656576775,0.4402861860209136,0.0,0.7705008255365988,45.607893061744115,54.392106938255885,54.310344827586206,45.689655172413794,"$40,000 to $44,999","$125,000 to $149,999",NE,060014201003;060014202002;060014202003;060014203001;060014203002;060014203003;060014204001;060014205001;060014205002;060014206001;060014206002;060014206003,060014201001;060014201002;060014202001
3.0,11600.0,9430.0,2170.0,81.29310344827586,18.70689655172414,56.786850477200424,3.1707317073170733,21.845174973488866,11.611876988335101,0.4984093319194062,0.6256627783669141,5.461293743372217,46.31336405529954,5.76036866359447,29.032258064516128,14.746543778801843,2.5345622119815667,1.152073732718894,0.4608294930875576,56.786850477200424,4.8038176033934255,24.47507953340403,11.611876988335101,0.6468716861081655,0.6256627783669141,1.0498409331919407,46.31336405529954,5.76036866359447,29.493087557603687,14.746543778801843,2.5345622119815667,1.152073732718894,0.0,49.35021097046413,50.64978902953587,37.656352863726134,62.343647136273866,"$40,000 to $44,999","$75,000 to $99,999",NW,060014201001;060014201002;060014201003;060014202001;060014202002;060014203002;060014204001;060014205001;060014205002;060014206001;060014206002;060014206003,060014202003;060014203001;060014203003
4.0,11600.0,9736.0,1864.0,83.93103448275862,16.06896551724138,57.87797863599014,3.071076417419885,20.901807723911258,11.91454396055875,1.0065735414954806,0.5546425636811833,4.673377156943303,38.89484978540773,6.706008583690987,35.13948497854077,13.680257510729614,0.2145922746781116,1.609442060085837,3.755364806866953,57.87797863599014,4.652834839769926,22.83278553820871,11.91454396055875,1.1503697617091209,0.5546425636811833,1.0168447000821692,38.89484978540773,6.706008583690987,38.89484978540773,13.680257510729614,0.2145922746781116,1.609442060085837,0.0,46.73432640366672,53.26567359633328,48.01498127340824,51.98501872659176,"$40,000 to $44,999","$100,000 to $124,999",NE,060014201001;060014201002;060014201003;060014202002;060014202003;060014203001;060014203003;060014204001;060014205001;060014205002;060014206001;060014206002;060014206003,060014202001;060014203002
5.0,11600.0,8718.0,2882.0,75.15517241379311,24.844827586206897,55.23055746730902,3.2002752924982794,25.349850883230097,10.667584308327598,0.7226428079834825,0.791465932553338,4.037623308098188,53.60860513532269,5.031228313671062,16.655100624566273,16.828591256072173,1.3532269257460097,0.520471894517696,6.002775850104094,55.23055746730902,4.634090387703602,27.63248451479697,10.667584308327598,0.8832300986464785,0.791465932553338,0.1605872906629961,53.60860513532269,6.037473976405274,18.702290076335878,16.828591256072173,1.3532269257460097,0.520471894517696,2.9493407356002774,56.88073394495413,43.11926605504587,21.77841179267713,78.22158820732287,"$45,000 to $49,999","$60,000 to $74,999",SW,060014201001;060014201002;060014201003;060014202001;060014202002;060014202003;060014203001;060014203002;060014203003;060014206001;060014206002;060014206003,060014204001;060014205001;060014205002
6.0,11600.0,9049.0,2551.0,78.00862068965517,21.99137931034483,49.45297822963863,4.641396839429771,25.582937341142667,13.813681069731462,1.1271963752900873,0.7735661399049619,4.608244004862415,73.89259114072912,0.15680125441003528,14.700117600940807,6.468051744413955,0.0,0.5488043904351235,4.233633869070952,49.45297822963863,5.956459277268206,27.782075367443916,13.813681069731462,1.237705823847939,0.7735661399049619,0.9835340921648801,73.89259114072912,1.528812230497844,17.012936103488826,6.468051744413955,0.15680125441003528,0.5488043904351235,0.3920031360250882,39.95771670190275,60.04228329809725,80.23166023166023,19.768339768339768,"$35,000 to $39,999","$150,000 to $199,999",NE,060014201001;060014202001;060014202002;060014202003;060014203001;060014203002;060014203003;060014204001;060014205001;060014205002;060014206003,060014201002;060014201003;060014206001;060014206002
7.0,11600.0,9539.0,2061.0,82.23275862068965,17.767241379310345,50.52940559807108,4.402977251284201,25.107453611489674,13.471013733095713,1.0692944753118776,0.7338295418807003,4.686025788866758,74.72100921882581,0.19408054342552158,14.313440077632217,6.307617661329452,0.0,0.6792819019893256,3.784570596797671,50.52940559807108,5.650487472481392,27.403291749659292,13.471013733095713,1.1741272670091205,0.7338295418807003,1.0378446378027046,74.72100921882581,1.8922852983988354,16.205725376031054,6.307617661329452,0.19408054342552158,0.6792819019893256,0.0,41.90535491905355,58.09464508094645,78.82352941176471,21.176470588235293,"$35,000 to $39,999","$150,000 to $199,999",SE,060014201001;060014201002;060014202001;060014202002;060014202003;060014203001;060014203002;060014203003;060014204001;060014205001;060014205002;060014206003,060014201003;060014206001;060014206002
8.0,11600.0,8876.0,2724.0,76.51724137931035,23.482758620689655,56.726002703920685,3.7066246056782335,23.602974312753492,9.858044164037855,0.41685443893645785,0.4957187922487607,5.193780982424515,48.6417033773862,3.487518355359765,21.84287812041116,19.823788546255507,2.3861967694566815,1.4684287812041117,2.3494860499265786,56.726002703920685,5.396575033799008,26.11536728255971,9.858044164037855,0.5745831455610635,0.4957187922487607,0.8337088778729157,48.6417033773862,3.6343612334801763,23.12775330396476,19.823788546255507,2.3861967694566815,1.4684287812041117,0.9177679882525698,59.08218125960062,40.91781874039938,18.73881932021467,81.26118067978533,"$50,000 to $59,999","$60,000 to $74,999",SW,060014201001;060014201002;060014201003;060014202001;060014202002;060014202003;060014203002;060014205001;060014205002;060014206001;060014206002;060014206003,060014203001;060014203003;060014204001
9.0,11600.0,8780.0,2820.0,75.6896551724138,24.310344827586206,58.48519362186788,2.8929384965831435,21.4123006833713,10.933940774487471,0.5353075170842825,0.33029612756264237,5.41002277904328,43.43971631205674,6.028368794326241,28.72340425531915,16.134751773049647,1.950354609929078,1.950354609929078,1.7730496453900708,58.48519362186788,4.646924829157175,23.78132118451025,10.933940774487471,0.6947608200455581,0.33029612756264237,1.1275626423690206,43.43971631205674,6.028368794326241,30.49645390070922,16.134751773049647,1.950354609929078,1.950354609929078,0.0,47.02565035473895,52.97434964526105,46.7899332306112,53.2100667693888,"$40,000 to $44,999","$75,000 to $99,999",NW,060014201001;060014201002;060014201003;060014202001;060014202002;060014202003;060014204001;060014205001;060014205002;060014206001;060014206002;060014206003,060014203001;060014203002;060014203003
10.0,11600.0,9791.0,1809.0,84.40517241379311,15.594827586206897,56.02083546113778,4.177305688897968,23.64416300684302,10.621999795730773,0.37789806965580636,0.4493922990501481,4.708405678684506,48.36926478717523,0.8291873963515755,20.729684908789388,20.729684908789388,3.5931453841901604,2.211166390270868,3.5378662244333885,56.02083546113778,5.70932489020529,25.921764886119906,10.621999795730773,0.5208865284444898,0.4493922990501481,0.7557961393116127,48.36926478717523,1.0503040353786623,22.664455500276397,20.729684908789388,3.5931453841901604,2.211166390270868,1.3819789939192924,55.693860386879734,44.306139613120266,12.341561040693795,87.65843895930621,"$45,000 to $49,999","$50,000 to $59,999",SW,060014201001;060014201002;060014201003;060014202001;060014202002;060014202003;060014203001;060014203002;060014205001;060014205002;060014206001;060014206002;060014206003,060014203003;060014204001
11.0,11600.0,8819.0,2781.0,76.02586206896552,23.974137931034484,50.11906111804059,4.649053180632725,24.832747477038215,13.720376459916091,1.156593718108629,0.7937407869372944,4.7284272593264545,69.75907946781733,0.5034160373966199,17.979144192736427,7.371449119021935,0.0,0.5034160373966199,3.883495145631068,50.11906111804059,5.998412518426125,27.08923914275995,13.720376459916091,1.156593718108629,0.7937407869372944,1.1225762558113164,69.75907946781733,1.7619561308881697,20.100683207479324,7.371449119021935,0.5034160373966199,0.5034160373966199,0.0,39.22291073522023,60.77708926477977,78.34351663272234,21.656483367277666,"$35,000 to $39,999","$125,000 to $149,999",SE,060014201001;060014201002;060014202001;060014202002;060014202003;060014203001;060014203002;060014203003;060014204001;060014205001;060014205002,060014201003;060014206001;060014206002;060014206003
12.0,11600.0,8751.0,2849.0,75.4396551724138,24.560344827586206,56.165009713175635,3.4738886984344646,24.397211747228887,10.970174837161467,0.13712718546451835,0.5027996800365673,4.353788138498457,50.71955071955072,4.212004212004212,19.48051948051948,15.97051597051597,3.159003159003159,1.404001404001404,5.054405054405055,56.165009713175635,4.9022968803565306,26.71694663467032,10.970174837161467,0.2971089018397897,0.5027996800365673,0.4456633527596846,50.71955071955072,5.2299052299052295,21.411021411021412,15.97051597051597,3.159003159003159,1.404001404001404,2.106002106002106,56.21147020362414,43.78852979637586,23.290291726446675,76.70970827355332,"$45,000 to $49,999","$60,000 to $74,999",SW,060014201001;060014201002;060014201003;060014202001;060014202002;060014202003;060014203001;060014203002;060014205001;060014206001;060014206002;060014206003,060014203003;060014204001;060014205002
13.0,11600.0,8973.0,2627.0,77.35344827586206,22.646551724137932,56.33567368772986,3.6665552212192134,20.840298673799175,13.15056279950964,1.0475872060626323,0.9361417586091608,4.023180653070322,49.67643700038066,3.6162923486867147,31.21431290445375,8.945565283593453,0.30452988199467074,0.0,6.24286258089075,56.33567368772986,4.379806084921431,22.93547308592444,13.15056279950964,1.2036108324974926,0.9361417586091608,1.0587317508079794,49.67643700038066,7.042253521126761,33.87894937190712,8.945565283593453,0.30452988199467074,0.0,0.15226494099733537,47.56812694032425,52.43187305967575,44.8359659781288,55.1640340218712,"$40,000 to $44,999","$100,000 to $124,999",NE,060014201002;060014201003;060014203001;060014203002;060014203003;060014204001;060014205001;060014205002;060014206001;060014206002;060014206003,060014201001;060014202001;060014202002;060014202003
14.0,11600.0,8821.0,2779.0,76.04310344827586,23.95689655172414,58.78018365264709,2.4827117106903978,20.57589842421494,11.279900238068246,1.1109851490760685,0.6121754903072214,5.158145334996032,42.281396185678304,7.376754228139618,31.486146095717885,15.113350125944585,0.1439366678661389,1.0795250089960418,2.5188916876574305,58.78018365264709,4.228545516381363,22.70717605713638,11.279900238068246,1.2696973132297926,0.6121754903072214,1.122321732229906,42.281396185678304,7.376754228139618,34.005037783375315,15.113350125944585,0.1439366678661389,1.0795250089960418,0.0,48.79002233804914,51.20997766195086,42.229729729729726,57.770270270270274,"$40,000 to $44,999","$75,000 to $99,999",NE,060014201001;060014201002;060014201003;060014202002;060014202003;060014203003;060014204001;060014205001;060014205002;060014206001;060014206002;060014206003,060014202001;060014203001;060014203002
15.0,11600.0,8732.0,2868.0,75.27586206896552,24.724137931034484,53.023362345396244,4.409070087036189,22.56069628950985,13.628034814475493,1.076500229042602,0.9161704076958315,4.386165826843793,60.3207810320781,1.3598326359832635,25.10460251046025,7.845188284518828,0.2789400278940028,0.1394700139470014,4.951185495118549,53.023362345396244,5.6000916170407695,24.667888227210263,13.628034814475493,1.1910215300045808,0.9161704076958315,0.9734310581768209,60.3207810320781,3.103207810320781,27.684797768479775,7.845188284518828,0.41841004184100417,0.1394700139470014,0.4881450488145049,43.15972222222222,56.84027777777778,59.97624703087886,40.02375296912114,"$40,000 to $44,999","$125,000 to $149,999",NE,060014202002;060014202003;060014203001;060014203002;060014203003;060014204001;060014205001;060014205002;060014206001;060014206003,060014201001;060014201002;060014201003;060014202001;060014206002
16.0,11600.0,9325.0,2275.0,80.38793103448276,19.612068965517242,54.369973190348524,4.128686327077748,21.769436997319033,13.512064343163539,1.0080428954423593,0.900804289544236,4.310991957104558,56.7032967032967,1.7142857142857142,29.01098901098901,6.813186813186813,0.3516483516483517,0.0,5.406593406593407,54.369973190348524,5.404825737265416,23.742627345844504,13.512064343163539,1.158176943699732,0.900804289544236,0.9115281501340483,56.7032967032967,3.2527472527472527,32.26373626373626,6.813186813186813,0.3516483516483517,0.0,0.6153846153846154,44.734235721360186,55.265764278639814,56.70995670995671,43.29004329004329,"$40,000 to $44,999","$125,000 to $149,999",NE,060014202002;060014202003;060014203001;060014203002;060014203003;060014204001;060014205001;060014205002;060014206001;060014206002;060014206003,060014201001;060014201002;060014201003;060014202001
17.0,11600.0,9316.0,2284.0,80.3103448275862,19.689655172413794,52.11464147702877,4.508372692142551,23.937312151137828,13.203091455560326,1.051953628166595,0.8587376556462001,4.325890940317733,65.89316987740806,0.17513134851138354,20.140105078809107,8.099824868651488,0.17513134851138354,0.17513134851138354,5.341506129597198,52.11464147702877,5.624731644482611,26.127093173035636,13.203091455560326,1.15929583512237,0.8587376556462001,0.9124087591240876,65.89316987740806,2.364273204903678,22.504378283712786,8.099824868651488,0.3502626970227671,0.17513134851138354,0.6129597197898424,42.126298960831335,57.873701039168665,72.41379310344827,27.586206896551722,"$35,000 to $39,999","$125,000 to $149,999",NE,060014202001;060014202002;060014202003;060014203001;060014203002;060014203003;060014204001;060014205001;060014205002;060014206001;060014206003,060014201001;060014201002;060014201003;060014206002
18.0,11600.0,9603.0,1997.0,82.78448275862068,17.21551724137931,55.55555555555556,3.8946162657502863,21.711965010934083,13.120899718837864,0.9788607726752057,0.8747266479225242,3.863376028324482,51.326990485728594,2.5037556334501754,30.29544316474712,7.7616424636955434,0.400600901352028,0.0,7.71156735102654,55.55555555555556,4.561074664167448,23.773820681037176,13.120899718837864,1.1246485473289598,0.8747266479225242,0.9892741851504738,51.326990485728594,7.010515773660491,33.29994992488733,7.7616424636955434,0.400600901352028,0.0,0.200300450676014,46.87600644122383,53.12399355877617,47.40680713128039,52.59319286871961,"$40,000 to $44,999","$100,000 to $124,999",NE,060014201002;060014201003;060014202003;060014203001;060014203002;060014203003;060014204001;060014205001;060014205002;060014206001;060014206002;060014206003,060014201001;060014202001;060014202002
19.0,11600.0,9758.0,1842.0,84.12068965517241,15.879310344827585,55.185488829678214,3.9352326296372206,24.49272391883583,10.350481656077065,0.9018241442918631,0.7071121131379381,4.427136708341873,52.931596091205215,2.1715526601520088,16.286644951140065,21.98697068403909,0.760043431053203,0.8143322475570033,5.04885993485342,55.185488829678214,5.47243287558926,26.737036277925803,10.350481656077065,1.0452961672473868,0.7071121131379381,0.5021520803443329,52.931596091205215,2.3887079261672097,18.403908794788272,21.98697068403909,0.760043431053203,0.8143322475570033,2.7144408251900107,56.29529748862296,43.70470251137704,10.324288550628722,89.67571144937128,"$45,000 to $49,999","$50,000 to $59,999",SW,060014201001;060014201002;060014201003;060014202001;060014202002;060014202003;060014203001;060014203002;060014203003;060014205002;060014206001;060014206002;060014206003,060014204001;060014205001
20.0,11600.0,9471.0,2129.0,81.64655172413794,18.353448275862068,57.06894731284975,2.7874564459930316,21.06430155210643,11.931158272621687,1.0347376201034737,0.8869179600886918,5.2264808362369335,44.856740253640204,7.51526538280883,32.64443400657586,13.38656646312823,0.18788163457022075,0.0,1.4091122592766556,57.06894731284975,4.413472706155633,23.471650300918594,11.931158272621687,1.1825572801182558,0.8869179600886918,1.0452961672473868,44.856740253640204,7.51526538280883,34.05354626585251,13.38656646312823,0.18788163457022075,0.0,0.0,51.03448275862069,48.96551724137931,32.60340632603406,67.39659367396594,"$40,000 to $44,999","$75,000 to $99,999",NE,060014201001;060014201002;060014201003;060014202002;060014203002;060014203003;060014204001;060014205001;060014205002;060014206001;060014206002;060014206003,060014202001;060014202003;060014203001
21.0,11600.0,9501.0,2099.0,81.90517241379311,18.094827586206897,55.88885380486265,3.462793390169456,24.10272602883907,9.998947479212715,0.968319124302705,0.7262393432270288,4.85212082938638,50.023820867079564,4.525964745116722,19.056693663649355,22.153406383992376,0.47641734159123394,0.7146260123868509,3.049070986183897,55.88885380486265,5.0415745710977795,26.449847384485842,9.998947479212715,1.1156720345226818,0.7262393432270288,0.7788653825913062,50.023820867079564,4.7165316817532155,20.724154359218677,22.153406383992376,0.47641734159123394,0.7146260123868509,1.1910433539780847,58.47974184295446,41.52025815704554,12.540192926045016,87.45980707395498,"$50,000 to $59,999","$50,000 to $59,999",SW,060014201001;060014201002;060014201003;060014202001;060014202002;060014202003;060014203002;060014203003;060014205001;060014205002;060014206001;060014206002;060014206003,060014203001;060014204001
22.0,11600.0,9066.0,2534.0,78.15517241379311,21.844827586206897,58.23957643944408,3.1325832781822194,20.791969997793956,12.078093977498346,1.0809618354290758,0.5956320317670417,4.081182439885286,42.62036306235201,5.524861878453039,31.76795580110497,12.628255722178373,0.15785319652722968,1.1838989739542225,6.11681136543015,58.23957643944408,4.003970880211781,22.755349658063093,12.078093977498346,1.2353849547760865,0.5956320317670417,1.0919920582395763,42.62036306235201,8.484609313338595,34.92501973164956,12.628255722178373,0.15785319652722968,1.1838989739542225,0.0,46.267361111111114,53.732638888888886,49.34679334916865,50.65320665083135,"$40,000 to $44,999","$100,000 to $124,999",NE,060014201001;060014201002;060014201003;060014202003;060014203001;060014203003;060014204001;060014205001;060014205002;060014206001;060014206002;060014206003,060014202001;060014202002;060014203002
23.0,11600.0,9277.0,2323.0,79.97413793103448,20.025862068965516,50.609033092594586,4.462649563436456,24.95418777622076,13.366389996766197,1.0994933707017356,0.754554274010995,4.753691926269268,71.67455876022385,0.4304778303917348,16.142918639690055,7.53336203185536,0.0,0.6026689625484287,3.6160137752905723,50.609033092594586,5.96097876468686,27.142395170852648,13.366389996766197,1.0994933707017356,0.754554274010995,1.0671553303869785,71.67455876022385,1.076194575979337,18.510546706844597,7.53336203185536,0.6026689625484287,0.6026689625484287,0.0,40.30982733580765,59.69017266419235,80.03207698476344,19.96792301523657,"$35,000 to $39,999","$150,000 to $199,999",SE,060014201001;060014201002;060014201003;060014202001;060014202002;060014202003;060014203001;060014203002;060014203003;060014204001;060014205001;060014205002,060014206001;060014206002;060014206003
24.0,11600.0,9405.0,2195.0,81.07758620689656,18.92241379310345,57.52259436469963,2.7006911217437533,22.062732589048377,11.004784688995215,1.0845295055821371,0.5741626794258373,5.05050505050505,43.28018223234624,7.744874715261959,28.018223234624145,17.312072892938495,0.0,1.366742596810934,2.277904328018223,57.52259436469963,4.3381180223285485,24.274322169059012,11.004784688995215,1.2333864965443913,0.5741626794258373,1.0526315789473684,43.28018223234624,7.744874715261959,30.29612756264237,17.312072892938495,0.0,1.366742596810934,0.0,47.213226521220385,52.786773478779615,46.036778693722255,53.963221306277745,"$40,000 to $44,999","$75,000 to $99,999",NE,060014201001;060014201002;060014201003;060014202001;060014202002;060014202003;060014203003;060014204001;060014205001;060014205002;060014206001;060014206002;060014206003,060014203001;060014203002
25.0,11600.0,8830.0,2770.0,76.12068965517241,23.879310344827587,51.69875424688562,3.4994337485843716,24.858437146092864,13.929784824462061,0.8720271800679502,0.8380520951302378,4.303510758776897,64.8014440433213,4.1516245487364625,17.870036101083034,6.67870036101083,0.9025270758122743,0.36101083032490977,5.234657039711191,51.69875424688562,4.9603624009060026,26.93091732729332,13.929784824462061,0.9173272933182333,0.8380520951302378,0.72480181200453,64.8014440433213,5.054151624548736,20.577617328519857,6.67870036101083,1.263537906137184,0.36101083032490977,1.263537906137184,40.9961036760969,59.0038963239031,69.82478909798832,30.17521090201168,"$40,000 to $44,999","$125,000 to $149,999",SE,060014201001;060014201002;060014201003;060014202001;060014202002;060014202003;060014203001;060014203002;060014203003;060014204001;060014205001;060014206002,060014205002;060014206001;060014206003
26.0,11600.0,9239.0,2361.0,79.64655172413794,20.353448275862068,53.46899015044918,4.383591297759498,23.162679943716853,13.367247537612295,1.0607208572356315,0.9091893062019699,3.6475809070245697,60.144006776789496,0.8047437526471835,23.295213892418467,7.6238881829733165,0.16941973739940702,0.0,7.96272765777213,53.46899015044918,4.859833315293863,25.262474293754735,13.367247537612295,1.2122524082692931,0.9091893062019699,0.9200129884186601,60.144006776789496,5.463786531130877,26.00592969080898,7.6238881829733165,0.16941973739940702,0.0,0.5929690808979247,43.020631850419086,56.979368149580914,66.69354838709677,33.306451612903224,"$35,000 to $39,999","$125,000 to $149,999",NE,060014202001;060014202003;060014203001;060014203002;060014203003;060014204001;060014205001;060014205002;060014206001;060014206002;060014206003,060014201001;060014201002;060014201003;060014202002
27.0,11600.0,8772.0,2828.0,75.62068965517241,24.379310344827587,56.77154582763338,3.123575011399909,22.115823073415413,11.285909712722297,0.49019607843137253,0.6725946192430461,5.540355677154583,48.7977369165488,5.3041018387553045,26.52050919377652,15.028288543140029,2.0862800565770865,0.884016973125884,1.379066478076379,56.77154582763338,4.879160966712266,24.897400820793433,11.285909712722297,0.6497948016415869,0.6725946192430461,0.84359325125399,48.7977369165488,5.3041018387553045,27.015558698727016,15.028288543140029,2.0862800565770865,0.884016973125884,0.884016973125884,49.93685729749233,50.06314270250767,38.29563387690689,61.70436612309311,"$40,000 to $44,999","$75,000 to $99,999",NW,060014201001;060014201002;060014201003;060014202001;060014202002;060014203002;060014204001;060014205002;060014206001;060014206002;060014206003,060014202003;060014203001;060014203003;060014205001
28.0,11600.0,9111.0,2489.0,78.54310344827586,21.45689655172414,58.82998573153331,3.2817473383821754,20.195368236198004,11.908681813192844,0.471956975085062,0.31829656459225114,4.993963341016354,40.17677782241864,5.02209722780233,34.150261149055844,13.258336681398152,2.3704298915227,2.2097227802330255,2.812374447569305,58.82998573153331,4.972011853803095,22.25880803424432,11.908681813192844,0.6256173855778729,0.31829656459225114,1.0865986170563056,40.17677782241864,5.02209722780233,36.96263559662515,13.258336681398152,2.3704298915227,2.2097227802330255,0.0,46.5237846314689,53.4762153685311,48.44574780058651,51.55425219941349,"$40,000 to $44,999","$100,000 to $124,999",NW,060014201001;060014201002;060014201003;060014202002;060014202003;060014203001;060014204001;060014205001;060014205002;060014206001;060014206002;060014206003,060014202001;060014203002;060014203003
29.0,11600.0,9716.0,1884.0,83.75862068965517,16.24137931034483,56.60765747221079,3.3861671469740635,21.253602305475503,12.659530671058048,1.0086455331412103,0.8645533141210374,4.21984355701935,45.64755838641189,5.042462845010616,33.174097664543524,9.819532908704883,0.21231422505307856,0.0,6.104033970276008,56.60765747221079,4.199258954302182,23.497324001646767,12.659530671058048,1.1527377521613833,0.8645533141210374,1.0189378344997941,45.64755838641189,9.023354564755838,35.29723991507431,9.819532908704883,0.21231422505307856,0.0,0.0,48.54557207498384,51.45442792501616,39.17197452229299,60.82802547770701,"$40,000 to $44,999","$75,000 to $99,999",NE,060014201001;060014201002;060014201003;060014203001;060014203002;060014203003;060014204001;060014205001;060014205002;060014206001;060014206002;060014206003,060014202001;060014202002;060014202003
30.0,11600.0,9113.0,2487.0,78.5603448275862,21.439655172413794,54.756940634258754,4.104027213870295,22.0015362668715,13.442335125644684,1.0314934708657961,0.9217601229013497,3.741907165587622,55.0864495375955,2.0104543626859672,27.54322476879775,7.639726578206675,0.32167269802975473,0.0,7.398472054684358,54.756940634258754,4.806320640842752,23.95478986063865,13.442335125644684,1.185120158016021,0.9217601229013497,0.9327334576977944,55.0864495375955,5.629272215520707,30.759951749095297,7.639726578206675,0.32167269802975473,0.0,0.5629272215520708,45.08845829823083,54.91154170176917,54.34062292909211,45.65937707090789,"$40,000 to $44,999","$100,000 to $124,999",NE,060014201003;060014202003;060014203001;060014203002;060014203003;060014204001;060014205001;060014205002;060014206001;060014206002;060014206003,060014201001;060014201002;060014202001;060014202002
31.0,11600.0,8775.0,2825.0,75.64655172413794,24.353448275862068,58.46153846153846,2.381766381766382,21.196581196581196,10.883190883190883,1.1623931623931625,0.6153846153846154,5.299145299145299,43.53982300884956,7.610619469026549,29.38053097345133,16.283185840707965,0.0,1.0619469026548674,2.1238938053097347,58.46153846153846,4.136752136752137,23.45299145299145,10.883190883190883,1.3219373219373218,0.6153846153846154,1.1282051282051282,43.53982300884956,7.610619469026549,31.504424778761063,16.283185840707965,0.0,1.0619469026548674,0.0,47.974335472044,52.025664527956,44.19306184012066,55.80693815987934,"$40,000 to $44,999","$75,000 to $99,999",NE,060014201001;060014201002;060014201003;060014202001;060014202002;060014203003;060014204001;060014205001;060014205002;060014206001;060014206002;060014206003,060014202003;060014203001;060014203002
32.0,11600.0,8993.0,2607.0,77.52586206896552,22.474137931034484,57.7115534304459,3.3248081841432224,20.460358056265985,12.342933392638718,1.0452574224396753,0.600467029912154,4.5146224841543425,44.87917146144994,4.794783275795934,32.604526275412354,11.69927119294208,0.3068661296509398,1.1507479861910241,4.564633678557729,57.7115534304459,4.870454798176359,22.217280106749694,12.342933392638718,1.200934059824308,0.600467029912154,1.0563771822528634,44.87917146144994,5.370157268891446,36.4403528960491,11.69927119294208,0.3068661296509398,1.1507479861910241,0.1534330648254699,45.61986361251967,54.38013638748033,51.42028985507246,48.57971014492754,"$40,000 to $44,999","$100,000 to $124,999",NE,060014201002;060014201003;060014202002;060014202003;060014203001;060014203003;060014204001;060014205001;060014205002;060014206001;060014206002;060014206003,060014201001;060014202001;060014203002
33.0,11600.0,9272.0,2328.0,79.93103448275862,20.06896551724138,55.38179465056083,2.685504745470233,23.45772217428818,12.402933563416738,0.7873166522864539,0.90595340811044,4.378774805867127,52.62027491408935,7.517182130584192,22.121993127147768,11.383161512027492,1.245704467353952,0.0,5.1116838487972505,55.38179465056083,4.07679033649698,25.873597929249353,12.402933563416738,0.9383088869715271,0.90595340811044,0.42062122519413286,52.62027491408935,8.59106529209622,23.582474226804123,11.383161512027492,1.245704467353952,0.0,2.577319587628866,47.62297788048861,52.37702211951139,44.083694083694084,55.916305916305916,"$40,000 to $44,999","$100,000 to $124,999",SE,060014201001;060014201002;060014201003;060014202001;060014202002;060014203001;060014203002;060014203003;060014204001;060014206001;060014206002;060014206003,060014202003;060014205001;060014205002
34.0,11600.0,9840.0,1760.0,84.82758620689656,15.172413793103448,54.77642276422764,3.1402439024390243,23.42479674796748,12.804878048780488,0.782520325203252,0.8536585365853658,4.217479674796748,55.11363636363637,6.534090909090909,21.875,8.806818181818182,1.4204545454545454,0.0,6.25,54.77642276422764,4.451219512195122,25.640243902439025,12.804878048780488,0.823170731707317,0.8536585365853658,0.6504065040650406,55.11363636363637,7.954545454545454,24.147727272727273,8.806818181818182,1.9886363636363635,0.0,1.9886363636363635,44.44444444444444,55.55555555555556,62.39234449760765,37.60765550239235,"$40,000 to $44,999","$100,000 to $124,999",SE,060014201001;060014201002;060014201003;060014202001;060014202002;060014202003;060014203001;060014203002;060014203003;060014204001;060014205001;060014206001;060014206002,060014205002;060014206003
35.0,11600.0,9106.0,2494.0,78.5,21.5,58.807379749615635,2.7893696463869975,19.98682187568636,11.860311882275424,1.076213485613881,0.5930155941137711,4.886887766307929,40.29671210906175,6.8163592622293505,34.883720930232556,13.432237369687249,0.16038492381716118,1.202886928628709,3.2076984763432237,58.807379749615635,4.480562266637382,21.941576982209533,11.860311882275424,1.2299582692730069,0.5930155941137711,1.0871952558752471,40.29671210906175,6.8163592622293505,38.09141940657578,13.432237369687249,0.16038492381716118,1.202886928628709,0.0,47.42847112515359,52.57152887484641,45.44934172867773,54.55065827132227,"$40,000 to $44,999","$100,000 to $124,999",NE,060014201001;060014201002;060014201003;060014202002;060014203001;060014203003;060014204001;060014205001;060014205002;060014206001;060014206002;060014206003,060014202001;060014202003;060014203002
36.0,11600.0,8922.0,2678.0,76.91379310344827,23.086206896551722,55.480833893745796,3.6875140103115895,22.416498542927595,12.21699170589554,1.0984084286034521,0.9414929388029589,4.158260479713069,52.65123226288275,3.5474234503360718,25.765496639283047,12.135922330097088,0.14936519790888722,0.0,5.7505601194921585,55.480833893745796,4.572965702757229,24.815063887020848,12.21699170589554,1.1432414256893073,0.9414929388029589,0.829410446088321,52.65123226288275,6.3480209111277075,27.408513816280806,12.135922330097088,0.5227781926811053,0.0,0.9335324869305451,45.26333789329686,54.73666210670314,53.19548872180451,46.80451127819549,"$40,000 to $44,999","$75,000 to $99,999",NE,060014201001;060014201002;060014201003;060014202001;060014203001;060014203002;060014203003;060014204001;060014205002;060014206001;060014206002,060014202002;060014202003;060014205001;060014206003
37.0,11600.0,9697.0,1903.0,83.59482758620689,16.405172413793103,53.77951943900175,4.217799319377127,23.35773950706404,13.045271733525833,1.0106218418067443,0.8662472929772095,3.722800866247293,60.168155543878086,0.7882291119285338,22.33315817130846,7.882291119285339,0.21019442984760903,0.0,8.61797162375197,53.77951943900175,4.877797256883572,25.399608126224607,13.045271733525833,1.1549963906362792,0.8662472929772095,0.8765597607507477,60.168155543878086,5.517603783499737,25.486074619022595,7.882291119285339,0.21019442984760903,0.0,0.7356805044666316,43.93468118195956,56.06531881804044,66.17357001972387,33.82642998027613,"$40,000 to $44,999","$125,000 to $149,999",NE,060014201003;060014202001;060014202003;060014203001;060014203002;060014203003;060014204001;060014205001;060014205002;060014206001;060014206002;060014206003,060014201001;060014201002;060014202002
38.0,11600.0,9431.0,2169.0,81.30172413793103,18.698275862068964,56.51574594422649,3.1173788569610856,21.842858657618493,12.14081221503552,1.0391262856536954,0.8906796734174531,4.453398367087265,47.48732134624251,5.99354541263255,29.04564315352697,12.448132780082988,0.18441678192715538,0.0,4.840940525587828,56.51574594422649,3.9550418831513094,24.26041777118015,12.14081221503552,1.1875728978899374,0.8906796734174531,1.049729615099141,47.48732134624251,9.451360073766713,30.428769017980635,12.448132780082988,0.18441678192715538,0.0,0.0,49.85502302575473,50.14497697424527,36.24288425047438,63.75711574952562,"$40,000 to $44,999","$75,000 to $99,999",NE,060014201001;060014201002;060014201003;060014202003;060014203002;060014203003;060014204001;060014205001;060014205002;060014206001;060014206002;060014206003,060014202001;060014202002;060014203001
39.0,11600.0,9642.0,1958.0,83.12068965517241,16.879310344827587,55.48641360713545,3.5158680771624145,22.868699439950216,12.082555486413607,1.0163866417755651,0.8711885500933416,4.1588881974694045,51.5832482124617,4.341164453524004,24.77017364657814,12.768130745658835,0.20429009193054137,0.0,6.332992849846782,55.48641360713545,4.335200165940676,25.295581829495955,12.082555486413607,1.161584733457789,0.8711885500933416,0.7674756274631819,51.5832482124617,8.171603677221654,25.99591419816139,12.768130745658835,0.20429009193054137,0.0,1.2768130745658837,47.56387874940486,52.43612125059514,43.657042869641295,56.342957130358705,"$40,000 to $44,999","$75,000 to $99,999",NE,060014201001;060014201002;060014201003;060014202001;060014203001;060014203002;060014203003;060014204001;060014205002;060014206001;060014206002;060014206003,060014202002;060014202003;060014205001
40.0,11600.0,9397.0,2203.0,81.00862068965517,18.99137931034483,55.922102798765565,2.9158241992125147,22.720017026710654,11.333404277961051,1.042886027455571,0.8939023092476323,5.171863360647015,50.158874262369494,6.808896958692692,25.19291874716296,15.887426236949613,0.18157058556513844,0.0,1.7703132092601,55.922102798765565,4.55464509949984,25.31659040119187,11.333404277961051,1.1918697456635097,0.8939023092476323,0.7874853676705331,50.158874262369494,6.808896958692692,25.828415796640943,15.887426236949613,0.18157058556513844,0.0,1.1348161597821154,49.94080838829697,50.05919161170303,35.46701502286088,64.53298497713912,"$40,000 to $44,999","$75,000 to $99,999",NE,060014201001;060014201002;060014201003;060014202001;060014202002;060014203002;060014203003;060014204001;060014205002;060014206001;060014206002;060014206003,060014202003;060014203001;060014205001
41.0,11600.0,8801.0,2799.0,75.87068965517241,24.129310344827587,57.379843199636404,2.8292239518236566,20.96352687194637,12.100897625269855,1.1135098284285876,0.9544369957959323,4.658561527099193,46.80242943908539,6.252232940335834,30.189353340478743,12.504465880671669,0.1429081814933905,0.0,4.108610217934976,57.379843199636404,3.7268492216793545,23.440518122940574,12.100897625269855,1.272582661061243,0.9544369957959323,1.1248721736166345,46.80242943908539,8.931761343336905,31.618435155412648,12.504465880671669,0.1429081814933905,0.0,0.0,50.81636396991378,49.18363603008622,36.4274962368289,63.5725037631711,"$40,000 to $44,999","$75,000 to $99,999",NE,060014201001;060014201002;060014201003;060014203002;060014203003;060014204001;060014205001;060014205002;060014206001;060014206002;060014206003,060014202001;060014202002;060014202003;060014203001
42.0,11600.0,8987.0,2613.0,77.47413793103448,22.525862068965516,55.24646711917214,2.3812173138978525,24.145988650272617,11.850450650940248,0.8122844108156225,0.9346834316234561,4.628908423278069,53.38691159586682,8.036739380022961,19.90049751243781,13.394565633371604,1.109835438193647,0.0,4.171450440107156,55.24646711917214,3.8166240124624458,26.74974963836653,11.850450650940248,0.9680649827528652,0.9346834316234561,0.4339601646823189,53.38691159586682,8.993494068120933,20.818982013011865,13.394565633371604,1.109835438193647,0.0,2.296211251435132,48.90982033839177,51.09017966160823,40.44418468731736,59.55581531268264,"$40,000 to $44,999","$75,000 to $99,999",SE,060014201001;060014201002;060014201003;060014202001;060014202002;060014202003;060014203002;060014203003;060014204001;060014206001;060014206002;060014206003,060014203001;060014205001;060014205002
43.0,11600.0,9557.0,2043.0,82.38793103448276,17.612068965517242,55.24746259286387,3.808726587841373,22.28732865962122,12.765512190017787,1.0254263890342157,0.8789369048864707,3.986606675735063,52.863436123348016,2.9368575624082234,27.41067058247675,9.544787077826726,0.19579050416054822,0.0,7.048458149779735,55.24746259286387,4.478392801088208,24.46374385267343,12.765512190017787,1.1719158731819608,0.8789369048864707,0.9940357852882704,52.863436123348016,7.342143906020558,29.858051884483604,9.544787077826726,0.19579050416054822,0.0,0.19579050416054822,46.194184013983794,53.805815986016206,51.172893136403125,48.827106863596875,"$40,000 to $44,999","$100,000 to $124,999",NE,060014201002;060014201003;060014202001;060014203001;060014203002;060014203003;060014204001;060014205001;060014205002;060014206001;060014206002;060014206003,060014201001;060014202002;060014202003
44.0,11600.0,9067.0,2533.0,78.16379310344827,21.836206896551722,54.42814602404324,4.0145582882982245,22.609462887393846,13.069372449542296,1.080842616080291,0.926436528068821,3.871181206573288,56.25740228977497,2.3687327279905253,25.266482431898933,9.080142123963679,0.15791551519936833,0.0,6.869324911172523,54.42814602404324,4.720414690636374,24.68291606926216,13.069372449542296,1.2352487040917612,0.926436528068821,0.9374655343553546,56.25740228977497,5.921831819976313,28.03000394788788,9.080142123963679,0.15791551519936833,0.0,0.5527043031977892,44.40013293452974,55.59986706547026,57.784011220196355,42.215988779803645,"$40,000 to $44,999","$100,000 to $124,999",NE,060014201003;060014202001;060014203001;060014203002;060014203003;060014204001;060014205001;060014205002;060014206001;060014206002;060014206003,060014201001;060014201002;060014202002;060014202003
45.0,11600.0,9402.0,2198.0,81.05172413793103,18.948275862068964,55.94554350138269,3.392895128696022,22.92065517974899,11.380557328228036,0.45734950010636033,0.6275260582854711,5.2754733035524355,50.04549590536852,4.777070063694268,24.340309372156504,15.696087352138308,2.684258416742493,1.1373976342129208,1.3193812556869882,55.94554350138269,5.030844501169963,25.622208040842374,11.380557328228036,0.6062539885130823,0.6275260582854711,0.7870665815783876,50.04549590536852,4.777070063694268,24.522292993630572,15.696087352138308,2.684258416742493,1.1373976342129208,1.1373976342129208,49.0512174643157,50.9487825356843,38.616521155137676,61.383478844862324,"$40,000 to $44,999","$75,000 to $99,999",NW,060014201001;060014201002;060014201003;060014202001;060014202002;060014202003;060014203002;060014204001;060014205002;060014206001;060014206002;060014206003,060014203001;060014203003;060014205001
46.0,11600.0,9128.0,2472.0,78.6896551724138,21.310344827586206,55.926818580192815,3.7138475021910606,23.82778264680105,10.188431200701139,0.9640666082383874,0.7559158632778264,4.623137598597721,50.76860841423948,3.4385113268608416,20.833333333333332,19.619741100323626,0.5663430420711975,0.6067961165048543,4.166666666666667,55.926818580192815,5.357142857142857,26.117440841367223,10.188431200701139,1.1174408413672217,0.7559158632778264,0.5368098159509203,50.76860841423948,3.600323624595469,22.815533980582526,19.619741100323626,0.5663430420711975,0.6067961165048543,2.0226537216828477,57.725049809817065,42.274950190182935,16.068642745709827,83.93135725429018,"$50,000 to $59,999","$50,000 to $59,999",SW,060014201001;060014201002;060014201003;060014202001;060014202002;060014203001;060014203002;060014203003;060014205002;060014206001;060014206002;060014206003,060014202003;060014204001;060014205001
47.0,11600.0,8871.0,2729.0,76.47413793103448,23.525862068965516,56.701611994138204,3.201442903843986,23.390824033367153,9.807237064592492,1.0370871378649533,0.7778153533987149,5.083981512794499,48.73580065958227,5.130084279956028,22.53572737266398,19.970685232685966,0.36643459142543056,0.5496518871381458,2.711615976548186,56.701611994138204,4.892345846015106,25.79190621125014,9.807237064592492,1.1949047458009243,0.7778153533987149,0.8341787848044189,48.73580065958227,5.2766581165262,24.184683034078418,19.970685232685966,0.36643459142543056,0.5496518871381458,0.9160864785635764,60.181958962446764,39.818041037553236,16.988586479367868,83.01141352063213,"$50,000 to $59,999","$50,000 to $59,999",SW,060014201001;060014201002;060014201003;060014202001;060014202002;060014203002;060014203003;060014205001;060014205002;060014206001;060014206002;060014206003,060014202003;060014203001;060014204001
48.0,11600.0,9643.0,1957.0,83.12931034482759,16.870689655172413,56.102872550036295,3.567354557710256,20.947837809810224,12.910919838224618,0.9748003733278026,0.8710982059525044,4.6251166649382975,48.54368932038835,4.087889626980072,34.2360756259581,8.686765457332651,0.40878896269800713,0.0,4.0367910066428205,56.102872550036295,5.0088146842269,23.00114072384113,12.910919838224618,1.11998340765322,0.8710982059525044,0.9851705900653324,48.54368932038835,4.854368932038835,37.30199284619315,8.686765457332651,0.40878896269800713,0.0,0.20439448134900357,47.958353668456155,52.041646331543845,42.251349267540476,57.748650732459524,"$40,000 to $44,999","$100,000 to $124,999",NE,060014201002;060014201003;060014202002;060014203001;060014203002;060014203003;060014204001;060014205001;060014205002;060014206001;060014206002;060014206003,060014201001;060014202001;060014202003
49.0,11600.0,9088.0,2512.0,78.34482758620689,21.655172413793103,55.34771126760563,4.060299295774648,24.64788732394366,10.398327464788732,0.9683098591549296,0.7592429577464789,3.8182218309859155,52.945859872611464,2.1894904458598727,17.914012738853504,18.71019108280255,0.5573248407643312,0.5971337579617835,7.085987261146497,55.34771126760563,4.88556338028169,26.94762323943662,10.398327464788732,1.1223591549295775,0.7592429577464789,0.5391725352112676,52.945859872611464,5.334394904458598,19.86464968152866,18.71019108280255,0.5573248407643312,0.5971337579617835,1.9904458598726114,56.411174785100286,43.588825214899714,18.602150537634408,81.39784946236558,"$45,000 to $49,999","$60,000 to $74,999",SW,060014201001;060014201002;060014201003;060014202001;060014202003;060014203001;060014203002;060014203003;060014205002;060014206001;060014206002;060014206003,060014202002;060014204001;060014205001
50.0,11600.0,9133.0,2467.0,78.73275862068965,21.267241379310345,55.95094711485821,4.204533012153728,24.033723858534984,10.237599912405562,0.361327055731961,0.48176940764261467,4.730099638672944,50.66882853668423,1.6214025131738954,20.064856100526956,19.456830158086746,2.7969193352249695,1.6214025131738954,3.769760843129307,55.95094711485821,5.846928720026279,26.431621592028907,10.237599912405562,0.5146173218000657,0.48176940764261467,0.5365159312383664,50.66882853668423,1.783542764491285,21.645723550871505,19.456830158086746,2.7969193352249695,1.6214025131738954,2.026753141467369,56.71400323566421,43.28599676433579,18.128654970760234,81.87134502923976,"$45,000 to $49,999","$60,000 to $74,999",SW,060014201001;060014201002;060014201003;060014202001;060014202002;060014202003;060014203001;060014203002;060014205002;060014206001;060014206002;060014206003,060014203003;060014204001;060014205001
51.0,11600.0,9182.0,2418.0,79.15517241379311,20.844827586206897,54.61773034197343,3.0930080592463516,23.796558483990417,12.578958832498367,0.7950337617076889,0.9148333696362448,4.203877150947506,55.624483043837884,5.789909015715467,20.885028949545077,10.75268817204301,1.1993382961124897,0.0,5.748552522746071,54.61773034197343,4.49793073404487,26.12720540187323,12.578958832498367,0.8385972554998911,0.9148333696362448,0.42474406447397084,55.624483043837884,6.823821339950372,22.70471464019851,10.75268817204301,1.6129032258064515,0.0,2.4813895781637716,44.67342529499751,55.32657470500249,56.622284512964264,43.377715487035736,"$40,000 to $44,999","$100,000 to $124,999",SE,060014201001;060014201002;060014201003;060014202001;060014202002;060014202003;060014203001;060014203002;060014203003;060014204001;060014206001;060014206002,060014205001;060014205002;060014206003
52.0,11600.0,9153.0,2447.0,78.90517241379311,21.094827586206897,55.33704796241669,3.758330601988419,21.195236534469572,13.219709384901126,1.0269856877526493,0.9177318911832186,4.544957937288321,52.92194523906824,3.2693093583980386,30.64977523498161,8.377605230894973,0.3269309358398038,0.0,4.4544340008173275,55.33704796241669,5.276958374303507,23.13995411340544,13.219709384901126,1.1799410029498525,0.9177318911832186,0.9286572708401617,52.92194523906824,3.8823048630976706,33.91908459337965,8.377605230894973,0.3269309358398038,0.0,0.5721291377196567,46.20231607629428,53.79768392370572,49.80916030534351,50.19083969465649,"$40,000 to $44,999","$100,000 to $124,999",NE,060014201003;060014202002;060014203001;060014203002;060014203003;060014204001;060014205001;060014205002;060014206001;060014206002;060014206003,060014201001;060014201002;060014202001;060014202003
53.0,11600.0,9058.0,2542.0,78.08620689655173,21.913793103448278,56.57981894457938,3.356149260322367,21.47273128725988,12.41996025612718,1.0377566791786266,0.9273570324574961,4.206226540075072,48.5837922895358,4.720692368214005,29.30763178599528,11.408339889850511,0.3147128245476003,0.0,5.664830841856806,56.57981894457938,4.228306469419298,23.835283727092072,12.41996025612718,1.1923161845882093,0.9273570324574961,0.8169573857363657,48.5837922895358,7.6711250983477575,31.03855232100708,11.408339889850511,0.3147128245476003,0.0,0.983477576711251,49.052704099207716,50.947295900792284,39.56043956043956,60.43956043956044,"$40,000 to $44,999","$75,000 to $99,999",NE,060014201001;060014201002;060014201003;060014203001;060014203002;060014203003;060014204001;060014205002;060014206001;060014206002;060014206003,060014202001;060014202002;060014202003;060014205001
54.0,11600.0,9200.0,2400.0,79.3103448275862,20.689655172413794,51.95652173913044,4.336956521739131,24.184782608695652,13.532608695652174,1.108695652173913,0.8043478260869565,4.076086956521739,65.83333333333333,1.0416666666666667,19.375,7.083333333333333,0.0,0.4166666666666667,6.25,51.95652173913044,5.195652173913044,26.282608695652176,13.532608695652174,1.1521739130434783,0.8043478260869565,1.076086956521739,65.83333333333333,4.166666666666667,22.083333333333332,7.083333333333333,0.4166666666666667,0.4166666666666667,0.0,41.19752684672958,58.80247315327042,74.26810477657935,25.731895223420647,"$35,000 to $39,999","$125,000 to $149,999",SE,060014201001;060014201002;060014201003;060014202001;060014202003;060014203001;060014203002;060014203003;060014204001;060014205001;060014205002;060014206002,060014202002;060014206001;060014206003
55.0,11600.0,8727.0,2873.0,75.23275862068965,24.767241379310345,56.14758794545663,2.9678010771169934,22.745502463618656,11.458691417440129,1.1229517589091327,0.9625300790649708,4.594935258393491,50.81796032022277,5.743125652627915,24.53880960668291,14.444831186912635,0.1392272885485555,0.0,4.316045945005221,56.14758794545663,3.8730376990947635,25.426836255299644,11.458691417440129,1.2833734387532945,0.9625300790649708,0.8479431648905695,50.81796032022277,8.353637312913332,25.37417333797424,14.444831186912635,0.1392272885485555,0.0,0.8701705534284719,49.65851905104242,50.34148094895758,38.98936170212766,61.01063829787234,"$40,000 to $44,999","$75,000 to $99,999",NE,060014201001;060014201002;060014201003;060014202001;060014203002;060014203003;060014204001;060014205002;060014206001;060014206002;060014206003,060014202002;060014202003;060014203001;060014205001
56.0,11600.0,9232.0,2368.0,79.58620689655173,20.413793103448278,54.809358752166375,3.0220970537261698,24.263431542461007,12.619150779896014,0.7907279029462738,0.9098786828422877,3.585355285961872,54.898648648648646,6.1233108108108105,19.00337837837838,10.557432432432432,1.224662162162162,0.0,8.192567567567568,54.809358752166375,3.6070190641247835,26.689774696707104,12.619150779896014,0.9423743500866552,0.9098786828422877,0.4224436741767764,54.898648648648646,10.346283783783784,20.43918918918919,10.557432432432432,1.224662162162162,0.0,2.5337837837837838,46.52834504165986,53.47165495834014,48.97959183673469,51.02040816326531,"$40,000 to $44,999","$75,000 to $99,999",SE,060014201001;060014201002;060014201003;060014202001;060014202003;060014203001;060014203002;060014203003;060014204001;060014206001;060014206002;060014206003,060014202002;060014205001;060014205002
57.0,11600.0,8728.0,2872.0,75.24137931034483,24.75862068965517,56.82859761686526,3.0247479376718607,20.623281393217233,12.37396883593034,1.076993583868011,0.9624197983501375,5.109990834097158,48.74651810584958,5.571030640668524,30.988857938718663,11.664345403899722,0.2785515320334262,0.0,2.7506963788300838,56.82859761686526,4.617323556370303,22.891842346471126,12.37396883593034,1.237396883593034,0.9624197983501375,1.0884509624197984,48.74651810584958,6.093314763231198,33.07799442896936,11.664345403899722,0.2785515320334262,0.0,0.1392757660167131,50.16635859519408,49.83364140480592,38.4464110127827,61.5535889872173,"$40,000 to $44,999","$75,000 to $99,999",NE,060014201002;060014201003;060014202002;060014203002;060014203003;060014204001;060014205001;060014205002;060014206001;060014206002;060014206003,060014201001;060014202001;060014202003;060014203001
58.0,11600.0,9039.0,2561.0,77.92241379310344,22.07758620689655,53.54574621086403,4.248257550614006,23.730501161632922,12.83327801747981,1.0399380462440535,0.9293063391968138,3.6729726739683595,59.35181569699336,1.5618898867629831,21.280749707145645,9.957048028114018,0.31237797735259665,0.0,7.536118703631394,53.54574621086403,4.956300475716341,25.876756278349376,12.83327801747981,1.1948224361101891,0.9293063391968138,0.6637902422834384,59.35181569699336,5.0761421319796955,23.77977352596642,9.957048028114018,0.31237797735259665,0.0,1.5228426395939085,44.13029100529101,55.86970899470899,59.240687679083095,40.759312320916905,"$40,000 to $44,999","$100,000 to $124,999",NE,060014201003;060014202001;060014202003;060014203001;060014203002;060014203003;060014204001;060014205002;060014206001;060014206002;060014206003,060014201001;060014201002;060014202002;060014205001
59.0,11600.0,9728.0,1872.0,83.86206896551724,16.137931034482758,56.33223684210526,3.2791940789473686,21.53577302631579,12.232730263157896,0.9662828947368421,0.8634868421052632,4.790296052631579,47.00854700854701,5.608974358974359,31.784188034188034,12.01923076923077,0.42735042735042733,0.0,3.1517094017094016,56.33223684210526,4.862253289473684,23.838404605263158,12.232730263157896,1.1101973684210527,0.8634868421052632,0.7606907894736842,47.00854700854701,5.608974358974359,33.60042735042735,12.01923076923077,0.42735042735042733,0.0,1.3354700854700854,49.35824532900081,50.64175467099919,35.53141970519783,64.46858029480217,"$40,000 to $44,999","$100,000 to $124,999",NE,060014201001;060014201002;060014201003;060014202002;060014203001;060014203002;060014203003;060014204001;060014205002;060014206001;060014206002;060014206003,060014202001;060014202003;060014205001
60.0,11600.0,9212.0,2388.0,79.41379310344827,20.586206896551722,51.671732522796354,4.222752930959618,24.478940512375164,13.08076422058185,1.0638297872340425,0.803300043421624,4.67867998263135,67.00167504187604,1.4656616415410386,18.21608040201005,8.793969849246231,0.16750418760469013,0.4187604690117253,3.936348408710218,51.671732522796354,5.89448545375597,26.6391663048198,13.08076422058185,1.107251411202779,0.803300043421624,0.803300043421624,67.00167504187604,1.4656616415410386,20.68676716917923,8.793969849246231,0.5862646566164154,0.4187604690117253,1.0469011725293131,41.97611647309014,58.02388352690986,69.87227648384673,30.127723516153267,"$40,000 to $44,999","$125,000 to $149,999",SE,060014201001;060014201002;060014201003;060014202001;060014202002;060014202003;060014203001;060014203002;060014203003;060014204001;060014205002;060014206002,060014205001;060014206001;060014206003
61.0,11600.0,8899.0,2701.0,76.71551724137932,23.28448275862069,55.11855264636476,3.8094167884031913,22.5868075064614,12.52949769637038,1.0562984605011798,0.9439262838521182,3.9555006180469716,53.86893743058127,3.1469825990373934,25.175860792299147,11.106997408367272,0.2961865975564606,0.0,6.40503517215846,55.11855264636476,4.528598718957186,24.87919991010226,12.52949769637038,1.2136195078098664,0.9439262838521182,0.7866052365434318,53.86893743058127,6.479081821547575,27.175120325805256,11.106997408367272,0.2961865975564606,0.0,1.0736764161421695,46.5403485027914,53.4596514972086,48.59752120026093,51.40247879973907,"$40,000 to $44,999","$100,000 to $124,999",NE,060014201002;060014201003;060014202001;060014203001;060014203002;060014203003;060014204001;060014205002;060014206001;060014206002;060014206003,060014201001;060014202002;060014202003;060014205001
62.0,11600.0,8843.0,2757.0,76.23275862068965,23.767241379310345,55.806852877982585,3.4377473708017643,24.539183534999434,9.555580685287799,0.995137396811037,0.7802781861359267,4.885219947981454,51.686615886833515,4.352557127312296,18.86108088501995,20.674646354733405,0.5077983315197678,0.544069640914037,3.373231773667029,55.806852877982585,5.134004297184213,27.01571864751781,9.555580685287799,1.1534547099400656,0.7802781861359267,0.5541105959516002,51.686615886833515,4.497642364889373,20.275661951396444,20.674646354733405,0.5077983315197678,0.544069640914037,1.8135654697134567,59.77675134719015,40.22324865280985,17.348754448398576,82.65124555160142,"$50,000 to $59,999","$60,000 to $74,999",SW,060014201001;060014201002;060014201003;060014202001;060014202002;060014202003;060014203002;060014203003;060014205002;060014206001;060014206002;060014206003,060014203001;060014204001;060014205001
63.0,11600.0,8760.0,2840.0,75.51724137931035,24.482758620689655,57.077625570776256,3.2420091324200913,21.80365296803653,11.757990867579908,0.5365296803652968,0.6735159817351598,4.908675799086758,47.88732394366197,4.929577464788732,27.464788732394368,13.556338028169014,1.9366197183098592,0.8802816901408451,3.3450704225352115,57.077625570776256,4.1438356164383565,24.52054794520548,11.757990867579908,0.6963470319634704,0.6735159817351598,1.13013698630137,47.88732394366197,7.570422535211268,28.169014084507044,13.556338028169014,1.9366197183098592,0.8802816901408451,0.0,49.031563845050215,50.968436154949785,40.79229122055675,59.20770877944325,"$40,000 to $44,999","$75,000 to $99,999",NW,060014201001;060014201002;060014201003;060014202001;060014203002;060014204001;060014205001;060014205002;060014206001;060014206002;060014206003,060014202002;060014202003;060014203001;060014203003
64.0,11600.0,9170.0,2430.0,79.05172413793103,20.948275862068964,54.907306434023994,3.2061068702290076,23.500545256270446,13.031624863685932,0.8396946564885496,0.916030534351145,3.5986913849509268,54.52674897119341,5.349794238683128,22.016460905349795,9.053497942386832,1.02880658436214,0.0,8.024691358024691,54.907306434023994,3.7949836423118866,25.768811341330427,13.031624863685932,0.8833151581243184,0.916030534351145,0.697928026172301,54.52674897119341,9.465020576131687,24.074074074074073,9.053497942386832,1.440329218106996,0.0,1.440329218106996,43.86776859504132,56.13223140495868,60.40172166427546,39.59827833572454,"$40,000 to $44,999","$75,000 to $99,999",SE,060014201001;060014201002;060014201003;060014202001;060014202003;060014203001;060014203002;060014203003;060014204001;060014205001;060014206001;060014206002,060014202002;060014205002;060014206003
65.0,11600.0,8868.0,2732.0,76.44827586206897,23.551724137931036,55.198466396030675,3.4844384303112315,21.820027063599458,12.686062246278755,1.0599909788001805,0.9472259810554804,4.803788903924222,53.62371888726208,4.209370424597364,27.635431918008784,10.61493411420205,0.29282576866764276,0.0,3.623718887262079,55.198466396030675,5.051871898962562,23.94000902119982,12.686062246278755,1.2178619756427604,0.9472259810554804,0.9585024808299504,53.62371888726208,4.758418740849195,30.19765739385066,10.61493411420205,0.29282576866764276,0.0,0.5124450951683748,47.44907157021814,52.55092842978186,45.545598313125986,54.454401686874014,"$40,000 to $44,999","$75,000 to $99,999",NE,060014201003;060014202002;060014202003;060014203002;060014203003;060014204001;060014205001;060014205002;060014206001;060014206002;060014206003,060014201001;060014201002;060014202001;060014203001
66.0,11600.0,9385.0,2215.0,80.90517241379311,19.094827586206897,56.20671283963772,3.0261054874800215,22.42940863079382,11.774107618540224,1.0868407032498668,0.895045285029302,4.581779435269047,48.98419864559819,6.320541760722348,26.41083521444695,13.99548532731377,0.0,0.0,4.288939051918736,56.20671283963772,3.8678742674480553,24.965370271710174,11.774107618540224,1.2360149174214172,0.895045285029302,1.054874800213106,48.98419864559819,9.706546275395034,27.313769751693002,13.99548532731377,0.0,0.0,0.0,49.09182643794147,50.90817356205853,38.518024032042725,61.481975967957275,"$40,000 to $44,999","$75,000 to $99,999",NE,060014201001;060014201002;060014201003;060014202001;060014203002;060014203003;060014204001;060014205001;060014205002;060014206001;060014206002;060014206003,060014202002;060014202003;060014203001
67.0,11600.0,9688.0,1912.0,83.51724137931035,16.482758620689655,55.79066886870355,3.602394715111478,22.295623451692816,12.438067712634187,0.9702725020644096,0.8670520231213873,4.035920726672172,49.94769874476987,3.922594142259414,27.719665271966527,10.98326359832636,0.41841004184100417,0.0,7.00836820083682,55.79066886870355,4.417836498761354,24.607762180016515,12.438067712634187,1.1147811725846408,0.8670520231213873,0.763831544178365,49.94769874476987,7.845188284518828,29.497907949790793,10.98326359832636,0.41841004184100417,0.0,1.3075313807531381,48.26310710839498,51.73689289160502,40.37520391517129,59.62479608482871,"$40,000 to $44,999","$75,000 to $99,999",NE,060014201001;060014201002;060014201003;060014202003;060014203001;060014203002;060014203003;060014204001;060014205002;060014206001;060014206002;060014206003,060014202001;060014202002;060014205001
68.0,11600.0,9358.0,2242.0,80.67241379310344,19.32758620689655,55.99487069886728,3.301987604188929,21.5323787134003,12.395811070741612,1.0044881384911306,0.8976276982261167,4.872836076084633,49.95539696699375,5.1293487957181085,30.107047279214985,11.373773416592329,0.3568242640499554,0.0,3.077609277430865,55.99487069886728,4.787347723872623,23.755075870912588,12.395811070741612,1.15409275486215,0.8976276982261167,1.015174182517632,49.95539696699375,5.798394290811776,32.337198929527204,11.373773416592329,0.3568242640499554,0.0,0.1784121320249777,49.244245963586394,50.755754036413606,38.77928483353884,61.22071516646116,"$40,000 to $44,999","$75,000 to $99,999",NE,060014201002;060014201003;060014202002;060014202003;060014203002;060014203003;060014204001;060014205001;060014205002;060014206001;060014206002;060014206003,060014201001;060014202001;060014203001
69.0,11600.0,8813.0,2787.0,75.97413793103448,24.025862068965516,57.07477589923976,2.711902870759106,21.275388630432317,11.630545784636332,1.0666061500056734,0.9531374106433678,5.287643254283445,47.72156440617151,6.637961966271977,29.24291352709006,13.993541442411194,0.2870470039468963,0.0,2.1169716541083603,57.07477589923976,4.459321456938613,23.817088392147962,11.630545784636332,1.2254623851129014,0.9531374106433678,0.839668671281062,47.72156440617151,6.637961966271977,30.46286329386437,13.993541442411194,0.2870470039468963,0.0,0.897021887334051,51.75341454411222,48.24658545588778,34.15597235932873,65.84402764067127,"$40,000 to $44,999","$75,000 to $99,999",NE,060014201001;060014201002;060014201003;060014202002;060014203002;060014203003;060014204001;060014205002;060014206001;060014206002;060014206003,060014202001;060014202003;060014203001;060014205001
70.0,11600.0,9443.0,2157.0,81.40517241379311,18.594827586206897,56.23212961982421,3.007518796992481,22.132796780684103,11.701789685481309,0.9954463623848353,0.8895478131949592,5.040770941438102,48.67872044506259,6.4904960593416785,27.816411682892905,14.371812702828002,0.3708854891052388,0.0,2.2716736207695876,56.23212961982421,4.638356454516573,24.610822831727205,11.701789685481309,1.1437043312506618,0.8895478131949592,0.7836492640050832,48.67872044506259,6.4904960593416785,28.92906815020862,14.371812702828002,0.3708854891052388,0.0,1.1590171534538711,50.72041166380789,49.27958833619211,33.39529120198265,66.60470879801734,"$40,000 to $44,999","$75,000 to $99,999",NE,060014201001;060014201002;060014201003;060014202002;060014202003;060014203002;060014203003;060014204001;060014205002;060014206001;060014206002;060014206003,060014202001;060014203001;060014205001
71.0,11600.0,9552.0,2048.0,82.34482758620689,17.655172413793103,54.75293132328308,3.9154103852596314,23.18886097152429,12.248743718592964,1.0259631490787269,0.8793969849246231,3.9886934673366836,55.17578125,2.44140625,23.193359375,11.962890625,0.1953125,0.0,7.03125,54.75293132328308,4.742462311557789,25.53391959798995,12.248743718592964,1.0678391959798994,0.8793969849246231,0.7747068676716918,55.17578125,6.103515625,24.853515625,11.962890625,0.68359375,0.0,1.220703125,44.72843450479233,55.27156549520767,58.78378378378378,41.21621621621622,"$40,000 to $44,999","$75,000 to $99,999",NE,060014201001;060014201002;060014201003;060014202001;060014202003;060014203001;060014203002;060014203003;060014204001;060014205002;060014206001;060014206002,060014202002;060014205001;060014206003
72.0,11600.0,8732.0,2868.0,75.27586206896552,24.724137931034484,56.172698121850665,3.4814475492441592,22.961520842876777,11.509390746678882,0.4924415941365094,0.6756756756756757,4.706825469537334,50.73221757322176,4.184100418410042,23.884239888423988,14.295676429567642,2.0571827057182706,0.8716875871687587,3.9748953974895396,56.172698121850665,4.386165826843793,25.75584058634906,11.509390746678882,0.6527714154832799,0.6756756756756757,0.847457627118644,50.73221757322176,6.799163179916318,24.372384937238493,14.295676429567642,2.0571827057182706,0.8716875871687587,0.8716875871687587,48.71566179093828,51.28433820906172,41.62132752992383,58.37867247007617,"$40,000 to $44,999","$75,000 to $99,999",NW,060014201001;060014201002;060014201003;060014202001;060014202003;060014203002;060014204001;060014205002;060014206001;060014206002;060014206003,060014202002;060014203001;060014203003;060014205001
73.0,11600.0,8747.0,2853.0,75.40517241379311,24.594827586206897,57.56259288899051,2.618040471018635,22.350520178346862,10.63221676003201,1.120384131702298,0.6173545215502458,5.098891048359437,46.44234139502278,6.8349106203995795,25.76235541535226,16.999649491763055,0.14020329477742727,1.0515247108307044,2.7690150718541884,57.56259288899051,4.3786441065508175,24.682748370870012,10.63221676003201,1.2804390076597691,0.6173545215502458,0.8460043443466332,46.44234139502278,6.8349106203995795,27.655099894847528,16.999649491763055,0.14020329477742727,1.0515247108307044,0.8762705923589205,47.65724703737466,52.34275296262534,45.02297090352221,54.97702909647779,"$40,000 to $44,999","$75,000 to $99,999",NE,060014201001;060014201002;060014201003;060014202001;060014202002;060014202003;060014203003;060014204001;060014205002;060014206001;060014206002;060014206003,060014203001;060014203002;060014205001
74.0,11600.0,8945.0,2655.0,77.11206896551724,22.887931034482758,55.44997205142538,3.9016210173281163,21.967579653437674,12.91224147568474,1.0061486864169928,0.9390721073225266,3.8233650083845725,52.73069679849341,2.824858757062147,27.306967984934087,9.792843691148775,0.4519774011299435,0.0,6.892655367231638,55.44997205142538,4.617104527669089,24.136389044158747,12.91224147568474,1.1626607043040804,0.9390721073225266,0.7825600894354388,52.73069679849341,6.214689265536723,29.717514124293785,9.792843691148775,0.4519774011299435,0.0,1.0922787193973635,47.271791352093345,52.728208647906655,45.853960396039604,54.146039603960396,"$40,000 to $44,999","$100,000 to $124,999",NE,060014201002;060014201003;060014202003;060014203001;060014203002;060014203003;060014204001;060014205002;060014206001;060014206002;060014206003,060014201001;060014202001;060014202002;060014205001
75.0,11600.0,8985.0,2615.0,77.45689655172414,22.54310344827586,56.0378408458542,3.550361713967724,21.146355036171396,12.687813021702839,1.001669449081803,0.9348914858096828,4.641068447412354,50.669216061185466,4.015296367112811,30.21032504780115,10.516252390057362,0.4588910133843212,0.0,4.130019120458891,56.0378408458542,5.097384529771842,23.30550918196995,12.687813021702839,1.1574846967167502,0.9348914858096828,0.7790762381747357,50.669216061185466,4.588910133843212,32.65774378585086,10.516252390057362,0.4588910133843212,0.0,1.1089866156787762,48.430182133564614,51.569817866435386,41.92972007147112,58.07027992852888,"$40,000 to $44,999","$100,000 to $124,999",NE,060014201002;060014201003;060014202002;060014203001;060014203002;060014203003;060014204001;060014205002;060014206001;060014206002;060014206003,060014201001;060014202001;060014202003;060014205001
76.0,11600.0,9357.0,2243.0,80.66379310344827,19.336206896551722,55.359623811050554,3.2489045634284492,23.51180934060062,11.542160949022122,1.0473442342631185,0.8977236293683873,4.392433472266752,52.60811413285778,5.349977708426215,21.845742309407044,14.935354436023184,0.17833259028087384,0.0,5.082478823004904,55.359623811050554,4.09319226247729,26.119482740194506,11.542160949022122,1.1969648391578498,0.8977236293683873,0.7908517687292935,52.60811413285778,8.693713776192599,22.469906375390103,14.935354436023184,0.17833259028087384,0.0,1.1145786892554614,48.795180722891565,51.204819277108435,39.509536784741144,60.490463215258856,"$40,000 to $44,999","$75,000 to $99,999",NE,060014201001;060014201002;060014201003;060014202001;060014202003;060014203002;060014203003;060014204001;060014205002;060014206001;060014206002;060014206003,060014202002;060014203001;060014205001
77.0,11600.0,9592.0,2008.0,82.6896551724138,17.310344827586206,55.30650542118432,3.586321934945788,22.414512093411176,12.041284403669724,1.0216847372810676,0.8757297748123436,4.75396163469558,52.5398406374502,3.9840637450199203,26.89243027888446,12.94820717131474,0.199203187250996,0.0,3.4362549800796813,55.30650542118432,5.191826522101752,24.74979149291076,12.041284403669724,1.0633861551292745,0.8757297748123436,0.7714762301918265,52.5398406374502,3.9840637450199203,28.58565737051793,12.94820717131474,0.6972111553784861,0.0,1.245019920318725,45.78021623366145,54.21978376633855,52.84683239775461,47.15316760224539,"$40,000 to $44,999","$75,000 to $99,999",NE,060014201001;060014201002;060014201003;060014202001;060014202002;060014203001;060014203002;060014203003;060014204001;060014205002;060014206001;060014206002,060014202003;060014205001;060014206003
78.0,11600.0,9529.0,2071.0,82.14655172413794,17.853448275862068,54.41284499947528,4.029803756952461,23.349774372966735,12.540665337391122,0.9864623780039878,0.8815195718333508,3.7989295833770593,56.73587638821825,1.931434089811685,22.45292129406084,10.622887493964269,0.38628681796233705,0.0,7.870593915982617,54.41284499947528,4.701437716444538,25.595550425018367,12.540665337391122,1.1333823066428796,0.8815195718333508,0.734599643194459,56.73587638821825,6.277160791887977,24.577498792853692,10.622887493964269,0.38628681796233705,0.0,1.4002897151134717,45.92756602878381,54.07243397121619,52.8099910793934,47.1900089206066,"$40,000 to $44,999","$100,000 to $124,999",NE,060014201002;060014201003;060014202001;060014202003;060014203001;060014203002;060014203003;060014204001;060014205002;060014206001;060014206002;060014206003,060014201001;060014202002;060014205001
